customer_id,segment,region,first_order_date
CUST-10765,Hydration & Glow,Scotland,2026-06-05
CUST-10091,Acne & Blemish,North West,2025-02-25
CUST-10056,,Other UK,2025-02-08
CUST-10370,Hydration & Glow,North West,2025-08-20
CUST-10144,Hydration & Glow,South East,2025-03-29
CUST-10483,Anti-Ageing,South East,2025-11-17
CUST-10099,Acne & Blemish,North West,2025-03-01
CUST-10777,Sensitive Skin,Scotland,2026-06-13
CUST-10046,Acne & Blemish,South East,2025-02-03
CUST-10261,Acne & Blemish,London,2025-05-31
CUST-10454,Anti-Ageing,London,2025-10-29
CUST-10222,Acne & Blemish,London,2025-05-11
CUST-10171,Hydration & Glow,Other UK,2025-04-13
CUST-10041,Acne & Blemish,Other UK,2025-01-31
CUST-10129,Acne & Blemish,London,2025-03-21
CUST-10432,Anti-Ageing,North West,2025-10-09
CUST-10798,Acne & Blemish,London,2026-06-25
CUST-10211,Anti-Ageing,South East,2025-05-03
CUST-10426,Acne & Blemish,South East,2025-10-02
CUST-10716,Acne & Blemish,Other UK,2026-05-08
CUST-10621,Sensitive Skin,North West,2026-03-06
CUST-10269,Acne & Blemish,Other UK,2025-06-04
CUST-10393,Acne & Blemish,South East,2025-09-08
CUST-10412,Sensitive Skin,London,2025-09-23
CUST-10031,Anti-Ageing,Scotland,2025-01-19
CUST-10655,Hydration & Glow,North West,2026-03-26
CUST-10796,Sensitive Skin,London,2026-06-24
CUST-10017,Sensitive Skin,London,2025-01-10
CUST-10098,Anti-Ageing,North West,2025-02-28
CUST-10048,Anti-Ageing,Other UK,2025-02-04
CUST-10160,Anti-Ageing,Scotland,2025-04-09
CUST-10153,Acne & Blemish,North West,2025-04-05
CUST-10142,Anti-Ageing,London,2025-03-29
CUST-10612,Anti-Ageing,Scotland,2026-03-02
CUST-10753,Anti-Ageing,London,2026-05-31
CUST-10616,Anti-Ageing,London,2026-03-04
CUST-10564,Hydration & Glow,London,2026-01-10
CUST-10309,Acne & Blemish,Other UK,2025-06-29
CUST-10385,Acne & Blemish,Scotland,2025-09-01
CUST-10680,Hydration & Glow,London,2026-04-16
CUST-10177,Sensitive Skin,Other UK,2025-04-15
CUST-10702,Acne & Blemish,Scotland,2026-04-29
CUST-10278,Hydration & Glow,Other UK,2025-06-12
CUST-10045,Acne & Blemish,Other UK,2025-02-02
CUST-10407,Anti-Ageing,London,2025-09-17
CUST-10637,Hydration & Glow,London,2026-03-18
CUST-10322,Hydration & Glow,Other UK,2025-07-07
CUST-10132,Acne & Blemish,London,2025-03-22
CUST-10462,Sensitive Skin,London,2025-11-03
CUST-10543,Acne & Blemish,North West,2025-12-25
CUST-10395,Anti-Ageing,London,2025-09-10
CUST-10679,Anti-Ageing,North West,2026-04-15
CUST-10345,Acne & Blemish,North West,2025-07-29
CUST-10266,Acne & Blemish,Other UK,2025-06-02
CUST-10040,Hydration & Glow,London,2025-01-30
CUST-10078,Anti-Ageing,London,2025-02-17
CUST-10423,Sensitive Skin,London,2025-10-01
CUST-10610,Anti-Ageing,London,2026-02-27
CUST-10722,Acne & Blemish,North West,2026-05-12
CUST-10482,Sensitive Skin,Other UK,2025-11-16
CUST-10268,Sensitive Skin,Scotland,2025-06-04
CUST-10779,Sensitive Skin,London,2026-06-13
CUST-10673,Sensitive Skin,South East,2026-04-09
CUST-10324,Hydration & Glow,North West,2025-07-08
CUST-10147,Hydration & Glow,North West,2025-04-01
CUST-10117,Anti-Ageing,South East,2025-03-12
CUST-10577,Hydration & Glow,Other UK,2026-01-30
CUST-10773,Hydration & Glow,Other UK,2026-06-10
CUST-10149,Hydration & Glow,North West ,2025-04-01
CUST-10317,Sensitive Skin,Scotland,2025-07-04
CUST-10528,Sensitive Skin,Other UK,2025-12-14
CUST-10195,Hydration & Glow,South East,2025-04-28
CUST-10373,Anti-Ageing,Other UK,2025-08-23
CUST-10659,Acne & Blemish,Other UK,2026-03-29
CUST-10489,Hydration & Glow,South East,2025-11-24
CUST-10615,Hydration & Glow,South East,2026-03-02
CUST-10791,,Scotland,2026-06-22
CUST-10521,Anti-Ageing,Other UK,2025-12-08
CUST-10042,Sensitive Skin,Other UK,2025-02-01
CUST-10214,Hydration & Glow,London,2025-05-04
CUST-10258,Acne & Blemish,London,2025-05-31
CUST-10526,Hydration & Glow,South East,2025-12-12
CUST-10715,Hydration & Glow,London,2026-05-07
CUST-10747,Anti-Ageing,Scotland,2026-05-28
CUST-10580,Acne & Blemish,South East,2026-02-04
CUST-10284,Hydration & Glow,South East,2025-06-17
CUST-10446,Anti-Ageing,North West,2025-10-18
CUST-10399,,Other UK,2025-09-13
CUST-10449,Anti-Ageing,North West,2025-10-25
CUST-10590,Anti-Ageing,North West,2026-02-10
CUST-10413,Anti-Ageing,Other UK,2025-09-24
CUST-10364,Acne & Blemish,Other UK,2025-08-15
CUST-10806,Hydration & Glow,London,2026-06-29
CUST-10066,Anti-Ageing,South East,2025-02-14
CUST-10259,Acne & Blemish,South East,2025-05-31
CUST-10038,Hydration & Glow,South East,2025-01-29
CUST-10088,Acne & Blemish,London,2025-02-24
CUST-10369,Acne & Blemish,Other UK,2025-08-19
CUST-10486,Hydration & Glow,North West,2025-11-23
CUST-10522,Hydration & Glow,Other UK,2025-12-09
CUST-10300,Sensitive Skin,South East,2025-06-23
CUST-10694,Acne & Blemish,South East,2026-04-25
CUST-10004,Acne & Blemish,London,2025-01-04
CUST-10133,Sensitive Skin,South East,2025-03-23
CUST-10569,Anti-Ageing,London,2026-01-19
CUST-10770,Hydration & Glow,North West,2026-06-09
CUST-10604,Acne & Blemish,London,2026-02-20
CUST-10100,Anti-Ageing,North West,2025-03-02
CUST-10055,Acne & Blemish,South East,2025-02-07
CUST-10391,Hydration & Glow,Scotland,2025-09-07
CUST-10363,Hydration & Glow,Other UK,2025-08-15
CUST-10346,Acne & Blemish,London,2025-08-01
CUST-10272,Anti-Ageing,South East,2025-06-08
CUST-10107,Sensitive Skin,Other UK,2025-03-07
CUST-10212,Acne & Blemish,Scotland,2025-05-04
CUST-10061,Anti-Ageing,South East,2025-02-11
CUST-10069,Hydration & Glow,Other UK,2025-02-14
CUST-10455,Sensitive Skin,South East,2025-10-29
CUST-10601,Acne & Blemish,South East,2026-02-18
CUST-10347,Acne & Blemish,London,2025-08-02
CUST-10366,Sensitive Skin,London,2025-08-17
CUST-10752,Acne & Blemish,London,2026-05-30
CUST-10532,Hydration & Glow,North West,2025-12-15
CUST-10472,Anti-Ageing,London,2025-11-10
CUST-10015,Anti-Ageing,Other UK,2025-01-08
CUST-10190,Sensitive Skin,South East,2025-04-23
CUST-10802,Acne & Blemish,South East,2026-06-26
CUST-10081,Anti-Ageing,North West,2025-02-20
CUST-10693,Sensitive Skin,South East,2026-04-25
CUST-10669,Acne & Blemish,London,2026-04-07
CUST-10567,Sensitive Skin,London,2026-01-15
CUST-10636,Hydration & Glow,South East,2026-03-18
CUST-10591,,London,2026-02-10
CUST-10063,Acne & Blemish,South East,2025-02-12
CUST-10461,Acne & Blemish,South East,2025-11-03
CUST-10786,Sensitive Skin,London,2026-06-21
CUST-10090,Hydration & Glow,Other UK,2025-02-25
CUST-10549,Sensitive Skin,London,2025-12-31
CUST-10733,Acne & Blemish,South East,2026-05-16
CUST-10515,Hydration & Glow,South East,2025-12-03
CUST-10708,Anti-Ageing,London,2026-05-04
CUST-10457,Anti-Ageing,Scotland,2025-10-31
CUST-10698,Sensitive Skin,London,2026-04-27
CUST-10619,Acne & Blemish,South East,2026-03-05
CUST-10229,Hydration & Glow,Other UK,2025-05-15
CUST-10028,Anti-Ageing,North West,2025-01-14
CUST-10499,Acne & Blemish,London,2025-11-29
CUST-10663,Hydration & Glow,South East,2026-04-01
CUST-10475,Hydration & Glow,Other UK,2025-11-13
CUST-10092,Acne & Blemish,London,2025-02-25
CUST-10011,Hydration & Glow,Other UK,2025-01-06
CUST-10182,Acne & Blemish,London,2025-04-21
CUST-10012,Acne & Blemish,London,2025-01-06
CUST-10352,Acne & Blemish,North West,2025-08-05
CUST-10394,,North West,2025-09-09
CUST-10648,Sensitive Skin,North West,2026-03-25
CUST-10496,Acne & Blemish,Other UK,2025-11-26
CUST-10071,Hydration & Glow,South East,2025-02-15
CUST-10550,Anti-Ageing,South East,2026-01-01
CUST-10738,Sensitive Skin,Scotland,2026-05-20
CUST-10440,Sensitive Skin,Other UK,2025-10-13
CUST-10018,Anti-Ageing,North West,2025-01-10
CUST-10744,Anti-Ageing,London,2026-05-25
CUST-10131,Anti-Ageing,Scotland,2025-03-22
CUST-10422,Anti-Ageing,London,2025-09-30
CUST-10504,Sensitive Skin,Scotland,2025-11-30
CUST-10505,Anti-Ageing,Other UK,2025-11-30
CUST-10688,Acne & Blemish,London,2026-04-21
CUST-10380,Hydration & Glow,South East,2025-08-29
CUST-10123,Anti-Ageing,South East,2025-03-17
CUST-10766,Acne & Blemish,London,2026-06-06
CUST-10598,Anti-Ageing,Other UK,2026-02-16
CUST-10007,Sensitive Skin,North West,2025-01-04
CUST-10771,Acne & Blemish,Other UK,2026-06-09
CUST-10545,Hydration & Glow,South East ,2025-12-28
CUST-10724,Acne & Blemish,South East,2026-05-13
CUST-10790,Acne & Blemish,London,2026-06-22
CUST-10250,Acne & Blemish,North West,2025-05-24
CUST-10661,Anti-Ageing,North West,2026-03-31
CUST-10125,Acne & Blemish,North West,2025-03-18
CUST-10676,Hydration & Glow,London,2026-04-12
CUST-10726,Acne & Blemish,Scotland,2026-05-14
CUST-10110,Anti-Ageing,Other UK,2025-03-08
CUST-10684,Hydration & Glow,South East,2026-04-18
CUST-10741,Acne & Blemish,South East,2026-05-22
CUST-10581,Hydration & Glow,London,2026-02-05
CUST-10384,Acne & Blemish,Other UK,2025-08-29
CUST-10193,Anti-Ageing,Scotland,2025-04-27
CUST-10653,Hydration & Glow,London,2026-03-26
CUST-10289,Acne & Blemish,Scotland,2025-06-18
CUST-10033,Sensitive Skin,Other UK,2025-01-24
CUST-10518,Hydration & Glow,London,2025-12-04
CUST-10201,Hydration & Glow,London,2025-05-01
CUST-10728,Anti-Ageing,London,2026-05-15
CUST-10411,Anti-Ageing,South East,2025-09-22
CUST-10666,Hydration & Glow,Other UK,2026-04-04
CUST-10350,Anti-Ageing,South East,2025-08-03
CUST-10465,Anti-Ageing,South East,2025-11-06
CUST-10095,Sensitive Skin,South East,2025-02-26
CUST-10175,Acne & Blemish,London,2025-04-15
CUST-10072,Anti-Ageing,Scotland,2025-02-15
CUST-10582,Sensitive Skin,Other UK,2026-02-05
CUST-10005,Hydration & Glow,South East,2025-01-04
CUST-10003,Acne & Blemish,Other UK,2025-01-03
CUST-10179,Acne & Blemish,South East,2025-04-19
CUST-10692,Sensitive Skin,South East,2026-04-23
CUST-10678,,North West,2026-04-14
CUST-10758,Hydration & Glow,Scotland,2026-06-01
CUST-10774,Hydration & Glow,London,2026-06-10
CUST-10579,Acne & Blemish,London,2026-02-03
CUST-10587,Sensitive Skin,Other UK,2026-02-07
CUST-10460,Anti-Ageing,North West,2025-11-02
CUST-10737,Acne & Blemish,Other UK,2026-05-19
CUST-10463,Sensitive Skin,London,2025-11-04
CUST-10073,Acne & Blemish,South East,2025-02-16
CUST-10113,Sensitive Skin,South East,2025-03-10
CUST-10252,Acne & Blemish,North West,2025-05-25
CUST-10443,Acne & Blemish,South East,2025-10-17
CUST-10481,Anti-Ageing,Other UK,2025-11-15
CUST-10196,Sensitive Skin,South East,2025-04-30
CUST-10434,Hydration & Glow,Other UK,2025-10-10
CUST-10510,Acne & Blemish,North West,2025-12-01
CUST-10533,Acne & Blemish,North West,2025-12-15
CUST-10290,Sensitive Skin,London,2025-06-19
CUST-10312,Acne & Blemish,North West,2025-07-01
CUST-10198,Acne & Blemish,North West,2025-04-30
CUST-10185,Anti-Ageing,Scotland,2025-04-22
CUST-10665,Acne & Blemish,London,2026-04-03
CUST-10727,Hydration & Glow,North West,2026-05-15
CUST-10255,Acne & Blemish,North West,2025-05-28
CUST-10769,Anti-Ageing,Scotland,2026-06-08
CUST-10583,Hydration & Glow,South East,2026-02-05
CUST-10476,,South East,2025-11-13
CUST-10335,Acne & Blemish,London,2025-07-17
CUST-10260,Acne & Blemish,North West,2025-05-31
CUST-10772,Anti-Ageing,Scotland,2026-06-09
CUST-10166,Anti-Ageing,London,2025-04-11
CUST-10507,Anti-Ageing,South East,2025-11-30
CUST-10280,Acne & Blemish,Scotland,2025-06-15
CUST-10362,Anti-Ageing,South East,2025-08-14
CUST-10194,Acne & Blemish,Other UK,2025-04-28
CUST-10146,Acne & Blemish,South East,2025-03-31
CUST-10342,Acne & Blemish,North West,2025-07-26
CUST-10344,Acne & Blemish,North West,2025-07-28
CUST-10539,Hydration & Glow,Other UK,2025-12-19
CUST-10256,Anti-Ageing,London,2025-05-28
CUST-10296,Hydration & Glow,South East,2025-06-21
CUST-10295,Hydration & Glow,Scotland,2025-06-20
CUST-10165,Anti-Ageing,Other UK,2025-04-11
CUST-10089,Sensitive Skin,London,2025-02-24
CUST-10022,Hydration & Glow,Other UK,2025-01-12
CUST-10704,Acne & Blemish,South East,2026-05-03
CUST-10729,Hydration & Glow,North West,2026-05-16
CUST-10562,Sensitive Skin,London,2026-01-09
CUST-10631,Acne & Blemish,North West,2026-03-14
CUST-10282,Anti-Ageing,Scotland,2025-06-16
CUST-10442,Hydration & Glow,South East,2025-10-15
CUST-10174,Acne & Blemish,London,2025-04-14
CUST-10108,Acne & Blemish,Other UK,2025-03-08
CUST-10253,Hydration & Glow,South East,2025-05-26
CUST-10135,Hydration & Glow,South East,2025-03-24
CUST-10051,Acne & Blemish,South East,2025-02-06
CUST-10234,Sensitive Skin,South East,2025-05-17
CUST-10037,Anti-Ageing,Scotland,2025-01-28
CUST-10584,Anti-Ageing,Other UK,2026-02-05
CUST-10593,Anti-Ageing,London,2026-02-12
CUST-10594,Hydration & Glow,London,2026-02-12
CUST-10701,Acne & Blemish,London,2026-04-29
CUST-10783,Hydration & Glow,Other UK,2026-06-19
CUST-10274,Sensitive Skin,South East,2025-06-09
CUST-10052,Sensitive Skin,Other UK,2025-02-06
CUST-10467,Hydration & Glow,South East,2025-11-07
CUST-10281,Acne & Blemish,London,2025-06-15
CUST-10801,Hydration & Glow,South East,2026-06-26
CUST-10224,Anti-Ageing,South East,2025-05-12
CUST-10651,Hydration & Glow,South East,2026-03-25
CUST-10039,Hydration & Glow,Scotland,2025-01-29
CUST-10709,Acne & Blemish,Other UK,2026-05-04
CUST-10124,Anti-Ageing,London,2025-03-17
CUST-10257,Acne & Blemish,Other UK,2025-05-29
CUST-10531,Anti-Ageing,South East,2025-12-14
CUST-10687,Acne & Blemish,Other UK,2026-04-20
CUST-10503,Hydration & Glow,Scotland,2025-11-29
CUST-10305,Acne & Blemish,Other UK,2025-06-27
CUST-10388,Acne & Blemish,London,2025-09-04
CUST-10743,,London,2026-05-24
CUST-10674,Anti-Ageing,North West,2026-04-10
CUST-10074,Anti-Ageing,Other UK,2025-02-16
CUST-10251,Acne & Blemish,London,2025-05-25
CUST-10585,Sensitive Skin,Other UK,2026-02-06
CUST-10607,Anti-Ageing,London,2026-02-26
CUST-10497,Sensitive Skin,South East,2025-11-27
CUST-10014,Hydration & Glow,North West,2025-01-08
CUST-10623,Acne & Blemish,London,2026-03-10
CUST-10323,Hydration & Glow,Other UK,2025-07-08
CUST-10751,Sensitive Skin,Scotland,2026-05-30
CUST-10447,Anti-Ageing,North West,2025-10-20
CUST-10429,Hydration & Glow,London,2025-10-06
CUST-10588,Acne & Blemish,London,2026-02-09
CUST-10176,Acne & Blemish,South East,2025-04-15
CUST-10656,Hydration & Glow,London,2026-03-27
CUST-10491,Acne & Blemish,London,2025-11-25
CUST-10613,Sensitive Skin,South East,2026-03-02
CUST-10139,Anti-Ageing,London,2025-03-27
CUST-10695,Acne & Blemish,London,2026-04-25
CUST-10064,Acne & Blemish,South East,2025-02-13
CUST-10570,,North West,2026-01-20
CUST-10459,Acne & Blemish,London,2025-11-02
CUST-10186,Acne & Blemish,South East,2025-04-23
CUST-10513,Sensitive Skin,South East,2025-12-02
CUST-10148,Acne & Blemish,London,2025-04-01
CUST-10360,,Other UK,2025-08-13
CUST-10232,Anti-Ageing,Other UK,2025-05-16
CUST-10438,Acne & Blemish,Other UK,2025-10-11
CUST-10409,Acne & Blemish,North West,2025-09-22
CUST-10303,Hydration & Glow,Other UK,2025-06-24
CUST-10140,Hydration & Glow,South East,2025-03-27
CUST-10075,Acne & Blemish,Scotland,2025-02-16
CUST-10167,Anti-Ageing,South East,2025-04-11
CUST-10217,Acne & Blemish,London,2025-05-07
CUST-10450,Acne & Blemish,South East,2025-10-26
CUST-10228,Anti-Ageing,Other UK,2025-05-14
CUST-10156,Anti-Ageing,Other UK,2025-04-07
CUST-10750,Acne & Blemish,London,2026-05-29
CUST-10608,Acne & Blemish,London,2026-02-26
CUST-10298,Sensitive Skin,Other UK,2025-06-22
CUST-10681,Hydration & Glow,London,2026-04-16
CUST-10425,Acne & Blemish,South East,2025-10-01
CUST-10544,Hydration & Glow,London,2025-12-26
CUST-10318,Sensitive Skin,South East,2025-07-04
CUST-10058,Hydration & Glow,North West,2025-02-10
CUST-10277,Sensitive Skin,North West,2025-06-12
CUST-10643,Anti-Ageing,Other UK,2026-03-22
CUST-10368,Acne & Blemish,South East,2025-08-18
CUST-10219,Hydration & Glow,Scotland,2025-05-09
CUST-10027,Acne & Blemish,Other UK,2025-01-13
CUST-10115,Anti-Ageing,London,2025-03-11
CUST-10151,Sensitive Skin,Scotland,2025-04-04
CUST-10647,Acne & Blemish,London,2026-03-24
CUST-10494,Sensitive Skin,Other UK,2025-11-26
CUST-10617,Hydration & Glow,North West,2026-03-04
CUST-10672,Anti-Ageing,Other UK,2026-04-09
CUST-10161,Anti-Ageing,South East,2025-04-09
CUST-10216,Hydration & Glow,London,2025-05-06
CUST-10106,Anti-Ageing,South East,2025-03-07
CUST-10629,Hydration & Glow,London ,2026-03-12
CUST-10371,Hydration & Glow,London,2025-08-21
CUST-10618,Hydration & Glow,Other UK,2026-03-05
CUST-10415,Hydration & Glow,London,2025-09-24
CUST-10799,Anti-Ageing,North West,2026-06-25
CUST-10803,Anti-Ageing,Scotland,2026-06-27
CUST-10330,Acne & Blemish,London,2025-07-14
CUST-10082,Anti-Ageing,South East,2025-02-21
CUST-10094,Acne & Blemish,Other UK,2025-02-26
CUST-10374,Acne & Blemish,London,2025-08-24
CUST-10029,Acne & Blemish,London,2025-01-18
CUST-10682,Acne & Blemish,Scotland,2026-04-17
CUST-10332,Anti-Ageing,North West,2025-07-16
CUST-10293,Hydration & Glow,Scotland,2025-06-20
CUST-10517,Hydration & Glow,North West,2025-12-04
CUST-10019,Hydration & Glow,London,2025-01-11
CUST-10410,Acne & Blemish,London,2025-09-22
CUST-10536,Hydration & Glow,Other UK,2025-12-15
CUST-10416,Hydration & Glow,London,2025-09-25
CUST-10403,Anti-Ageing,North West,2025-09-14
CUST-10035,Anti-Ageing,North West,2025-01-24
CUST-10787,Hydration & Glow,London,2026-06-21
CUST-10096,Anti-Ageing,North West,2025-02-26
CUST-10213,Hydration & Glow,South East,2025-05-04
CUST-10112,Sensitive Skin,Other UK,2025-03-10
CUST-10381,Acne & Blemish,London,2025-08-29
CUST-10016,Acne & Blemish,North West,2025-01-09
CUST-10353,Acne & Blemish,South East,2025-08-06
CUST-10547,Sensitive Skin,London,2025-12-30
CUST-10731,Sensitive Skin,North West,2026-05-16
CUST-10172,Acne & Blemish,South East,2025-04-14
CUST-10377,Acne & Blemish,London,2025-08-25
CUST-10500,Acne & Blemish,London,2025-11-29
CUST-10024,Sensitive Skin,London,2025-01-12
CUST-10713,Anti-Ageing,Other UK,2026-05-06
CUST-10451,Anti-Ageing,North West,2025-10-28
CUST-10559,Acne & Blemish,Other UK,2026-01-06
CUST-10168,Anti-Ageing,Scotland,2025-04-11
CUST-10603,Hydration & Glow,London,2026-02-19
CUST-10314,Hydration & Glow,Scotland,2025-07-03
CUST-10271,Hydration & Glow,Other UK,2025-06-06
CUST-10609,Sensitive Skin,London,2026-02-27
CUST-10720,Hydration & Glow,North West,2026-05-11
CUST-10328,Sensitive Skin,North West,2025-07-12
CUST-10571,Anti-Ageing,North West,2026-01-24
CUST-10310,Hydration & Glow,Scotland,2025-06-30
CUST-10398,Acne & Blemish,South East,2025-09-12
CUST-10644,Anti-Ageing,Scotland,2026-03-23
CUST-10285,Anti-Ageing,South East,2025-06-17
CUST-10338,Anti-Ageing,South East,2025-07-22
CUST-10127,Sensitive Skin,London,2025-03-19
CUST-10530,Acne & Blemish,Scotland,2025-12-14
CUST-10337,Sensitive Skin,North West,2025-07-21
CUST-10238,Acne & Blemish,South East,2025-05-19
CUST-10076,Sensitive Skin,North West,2025-02-16
CUST-10452,Hydration & Glow,South East,2025-10-29
CUST-10551,Anti-Ageing,South East,2026-01-02
CUST-10638,Acne & Blemish,London,2026-03-19
CUST-10326,Hydration & Glow,North West,2025-07-08
CUST-10575,Acne & Blemish,Scotland,2026-01-29
CUST-10490,Anti-Ageing,London,2025-11-25
CUST-10236,Anti-Ageing,Other UK,2025-05-18
CUST-10025,Sensitive Skin,South East,2025-01-12
CUST-10611,Hydration & Glow,Scotland,2026-03-01
CUST-10628,Anti-Ageing,London,2026-03-12
CUST-10343,Acne & Blemish,South East,2025-07-27
CUST-10308,Sensitive Skin,London,2025-06-29
CUST-10288,Acne & Blemish,London,2025-06-18
CUST-10379,Hydration & Glow,London,2025-08-28
CUST-10520,Hydration & Glow,South East,2025-12-08
CUST-10084,Anti-Ageing,Scotland,2025-02-22
CUST-10445,Hydration & Glow,North West,2025-10-18
CUST-10152,Hydration & Glow,North West,2025-04-05
CUST-10336,Sensitive Skin,South East,2025-07-17
CUST-10735,Hydration & Glow,London,2026-05-17
CUST-10642,Anti-Ageing,North West,2026-03-20
CUST-10488,Anti-Ageing,London,2025-11-24
CUST-10602,Anti-Ageing,London,2026-02-18
CUST-10032,Anti-Ageing,North West,2025-01-23
CUST-10519,Hydration & Glow,Other UK,2025-12-04
CUST-10357,Anti-Ageing,North West,2025-08-09
CUST-10424,Hydration & Glow,Other UK,2025-10-01
CUST-10365,Hydration & Glow,London,2025-08-16
CUST-10419,Acne & Blemish,North West,2025-09-29
CUST-10557,,Other UK,2026-01-05
CUST-10480,Acne & Blemish,London,2025-11-15
CUST-10430,Acne & Blemish,South East,2025-10-08
CUST-10218,Anti-Ageing,Scotland,2025-05-08
CUST-10686,Sensitive Skin,South East,2026-04-19
CUST-10662,Anti-Ageing,Scotland,2026-03-31
CUST-10568,Sensitive Skin,Other UK,2026-01-17
CUST-10477,Hydration & Glow,North West,2025-11-13
CUST-10754,Acne & Blemish,Scotland,2026-05-31
CUST-10792,Hydration & Glow,South East,2026-06-23
CUST-10192,Sensitive Skin,North West,2025-04-25
CUST-10102,Sensitive Skin,London,2025-03-03
CUST-10043,Acne & Blemish,Scotland,2025-02-01
CUST-10560,Anti-Ageing,Other UK,2026-01-07
CUST-10197,Sensitive Skin,London ,2025-04-30
CUST-10635,Anti-Ageing,London,2026-03-18
CUST-10270,Anti-Ageing,Other UK,2025-06-05
CUST-10221,Sensitive Skin,South East,2025-05-10
CUST-10561,Sensitive Skin,London,2026-01-08
CUST-10495,Acne & Blemish,South East,2025-11-26
CUST-10120,Acne & Blemish,Scotland,2025-03-15
CUST-10705,Acne & Blemish,Other UK,2026-05-03
CUST-10200,,South East,2025-05-01
CUST-10085,Anti-Ageing,London,2025-02-22
CUST-10070,Hydration & Glow,London,2025-02-15
CUST-10479,Anti-Ageing,South East,2025-11-15
CUST-10141,Sensitive Skin,South East,2025-03-27
CUST-10173,Acne & Blemish,North West,2025-04-14
CUST-10433,Hydration & Glow,South East,2025-10-09
CUST-10150,Hydration & Glow,Other UK,2025-04-03
CUST-10237,Hydration & Glow,South East,2025-05-19
CUST-10596,Sensitive Skin,London,2026-02-14
CUST-10331,Acne & Blemish,North West,2025-07-16
CUST-10386,Acne & Blemish,Other UK,2025-09-01
CUST-10768,Anti-Ageing,South East,2026-06-08
CUST-10714,Sensitive Skin,London,2026-05-06
CUST-10341,Hydration & Glow,London,2025-07-25
CUST-10181,Anti-Ageing,North West,2025-04-20
CUST-10101,Hydration & Glow,South East,2025-03-02
CUST-10552,Acne & Blemish,North West,2026-01-03
CUST-10128,Hydration & Glow,London,2025-03-20
CUST-10671,Sensitive Skin,Scotland,2026-04-08
CUST-10566,Anti-Ageing,Other UK,2026-01-14
CUST-10645,Acne & Blemish,South East,2026-03-23
CUST-10690,Acne & Blemish,North West,2026-04-22
CUST-10104,Anti-Ageing,Scotland,2025-03-04
CUST-10397,Sensitive Skin,South East,2025-09-12
CUST-10301,Anti-Ageing,South East,2025-06-23
CUST-10742,Acne & Blemish,Other UK,2026-05-23
CUST-10325,Sensitive Skin,South East,2025-07-08
CUST-10428,Acne & Blemish,South East,2025-10-06
CUST-10247,Sensitive Skin,North West,2025-05-23
CUST-10664,Hydration & Glow,Other UK,2026-04-02
CUST-10121,Anti-Ageing,London,2025-03-15
CUST-10077,Hydration & Glow,South East,2025-02-17
CUST-10390,Acne & Blemish,South East,2025-09-06
CUST-10054,Sensitive Skin,Scotland,2025-02-07
CUST-10230,Anti-Ageing,Scotland,2025-05-15
CUST-10036,Hydration & Glow,South East,2025-01-26
CUST-10677,Acne & Blemish,London,2026-04-13
CUST-10111,Acne & Blemish,North West,2025-03-10
CUST-10315,Acne & Blemish,South East,2025-07-04
CUST-10008,Hydration & Glow,North West,2025-01-05
CUST-10026,Acne & Blemish,Scotland,2025-01-12
CUST-10538,Acne & Blemish,North West,2025-12-18
CUST-10573,Hydration & Glow,London,2026-01-27
CUST-10319,Hydration & Glow,London,2025-07-05
CUST-10595,Acne & Blemish,London,2026-02-14
CUST-10311,Anti-Ageing,London,2025-07-01
CUST-10555,Acne & Blemish,North West,2026-01-04
CUST-10302,Acne & Blemish,Scotland,2025-06-24
CUST-10405,Anti-Ageing,Other UK,2025-09-16
CUST-10563,Sensitive Skin,London,2026-01-10
CUST-10208,Hydration & Glow,London,2025-05-02
CUST-10685,Hydration & Glow,South East,2026-04-19
CUST-10021,Acne & Blemish,South East,2025-01-11
CUST-10707,Acne & Blemish,Other UK,2026-05-04
CUST-10767,Acne & Blemish,North West,2026-06-07
CUST-10010,Hydration & Glow,London,2025-01-06
CUST-10087,Anti-Ageing,Scotland,2025-02-24
CUST-10759,Acne & Blemish,London,2026-06-02
CUST-10696,Hydration & Glow,North West,2026-04-25
CUST-10062,Anti-Ageing,Other UK,2025-02-12
CUST-10453,Anti-Ageing,South East,2025-10-29
CUST-10512,Acne & Blemish,South East,2025-12-02
CUST-10189,Acne & Blemish,South East,2025-04-23
CUST-10163,Anti-Ageing,South East,2025-04-09
CUST-10243,Anti-Ageing,London,2025-05-21
CUST-10565,Acne & Blemish,Scotland,2026-01-13
CUST-10736,,Scotland,2026-05-19
CUST-10358,Hydration & Glow,London,2025-08-10
CUST-10778,Acne & Blemish,London,2026-06-13
CUST-10646,Acne & Blemish,North West,2026-03-24
CUST-10097,Hydration & Glow,South East,2025-02-27
CUST-10245,Anti-Ageing,London,2025-05-22
CUST-10114,Hydration & Glow,London,2025-03-10
CUST-10797,Sensitive Skin,London,2026-06-25
CUST-10427,Sensitive Skin,North West,2025-10-05
CUST-10782,Hydration & Glow,South East,2026-06-17
CUST-10667,Acne & Blemish,South East,2026-04-04
CUST-10417,Hydration & Glow,South East,2025-09-25
CUST-10781,Hydration & Glow,London,2026-06-14
CUST-10534,Sensitive Skin,North West ,2025-12-15
CUST-10164,Sensitive Skin,Other UK,2025-04-11
CUST-10392,Hydration & Glow,Other UK,2025-09-08
CUST-10804,Sensitive Skin,North West,2026-06-28
CUST-10592,Acne & Blemish,Scotland,2026-02-11
CUST-10287,Anti-Ageing,Other UK,2025-06-18
CUST-10506,Anti-Ageing,Other UK,2025-11-30
CUST-10265,Acne & Blemish,Scotland,2025-06-02
CUST-10283,Sensitive Skin,South East,2025-06-17
CUST-10760,Acne & Blemish,South East,2026-06-02
CUST-10294,Sensitive Skin,North West,2025-06-20
CUST-10207,Sensitive Skin,Other UK,2025-05-02
CUST-10233,Hydration & Glow,South East,2025-05-17
CUST-10730,Acne & Blemish,South East,2026-05-16
CUST-10614,Sensitive Skin,London,2026-03-02
CUST-10776,Anti-Ageing,Scotland,2026-06-13
CUST-10401,Anti-Ageing,London,2025-09-14
CUST-10717,Sensitive Skin,South East,2026-05-08
CUST-10675,Sensitive Skin,North West,2026-04-10
CUST-10158,Anti-Ageing,South East,2025-04-07
CUST-10634,Sensitive Skin,South East,2026-03-16
CUST-10492,Anti-Ageing,Scotland,2025-11-25
CUST-10605,Acne & Blemish,London,2026-02-24
CUST-10706,Anti-Ageing,South East,2026-05-03
CUST-10340,Anti-Ageing,London,2025-07-25
CUST-10378,Acne & Blemish,London,2025-08-28
CUST-10402,Hydration & Glow,North West,2025-09-14
CUST-10448,Hydration & Glow,North West,2025-10-24
CUST-10649,Hydration & Glow,Scotland,2026-03-25
CUST-10157,Anti-Ageing,South East,2025-04-07
CUST-10387,Hydration & Glow,South East,2025-09-03
CUST-10180,Anti-Ageing,South East,2025-04-19
CUST-10079,Anti-Ageing,South East,2025-02-18
CUST-10711,Hydration & Glow,South East,2026-05-05
CUST-10725,Hydration & Glow,Scotland,2026-05-13
CUST-10732,Acne & Blemish,Other UK,2026-05-16
CUST-10093,Anti-Ageing,London,2025-02-26
CUST-10320,Sensitive Skin,North West,2025-07-05
CUST-10485,Acne & Blemish,London,2025-11-22
CUST-10199,Acne & Blemish,London,2025-05-01
CUST-10105,Hydration & Glow,North West,2025-03-06
CUST-10525,Hydration & Glow,London,2025-12-12
CUST-10710,Acne & Blemish,South East,2026-05-04
CUST-10439,Anti-Ageing,London,2025-10-12
CUST-10755,Acne & Blemish,North West,2026-05-31
CUST-10134,Acne & Blemish,South East,2025-03-23
CUST-10119,Sensitive Skin,London,2025-03-14
CUST-10542,Sensitive Skin,South East,2025-12-24
CUST-10408,Anti-Ageing,London,2025-09-21
CUST-10622,Sensitive Skin,North West,2026-03-09
CUST-10006,Hydration & Glow,London,2025-01-04
CUST-10279,Anti-Ageing,South East,2025-06-14
CUST-10316,Acne & Blemish,London,2025-07-04
CUST-10116,Acne & Blemish,London,2025-03-11
CUST-10589,Hydration & Glow,North West,2026-02-10
CUST-10640,Sensitive Skin,South East,2026-03-20
CUST-10334,Acne & Blemish,Other UK,2025-07-16
CUST-10209,Hydration & Glow,South East,2025-05-02
CUST-10586,Acne & Blemish,Other UK,2026-02-06
CUST-10009,Hydration & Glow,Other UK,2025-01-06
CUST-10223,Sensitive Skin,Other UK,2025-05-12
CUST-10558,Sensitive Skin,London,2026-01-05
CUST-10469,Hydration & Glow,Scotland,2025-11-07
CUST-10263,Hydration & Glow,London,2025-05-31
CUST-10540,Anti-Ageing,Scotland,2025-12-19
CUST-10516,Hydration & Glow,Other UK,2025-12-04
CUST-10529,Acne & Blemish,London,2025-12-14
CUST-10240,Sensitive Skin,London,2025-05-19
CUST-10554,Sensitive Skin,North West,2026-01-04
CUST-10273,Sensitive Skin,London,2025-06-09
CUST-10793,Anti-Ageing,London,2026-06-23
CUST-10458,Acne & Blemish,Other UK,2025-11-01
CUST-10420,Sensitive Skin,North West,2025-09-29
CUST-10650,Acne & Blemish,North West,2026-03-25
CUST-10080,Hydration & Glow,South East,2025-02-19
CUST-10060,Acne & Blemish,North West,2025-02-11
CUST-10431,Sensitive Skin,North West,2025-10-08
CUST-10203,Hydration & Glow,Other UK,2025-05-01
CUST-10184,Hydration & Glow,London,2025-04-22
CUST-10321,Sensitive Skin,South East ,2025-07-05
CUST-10178,Hydration & Glow,South East,2025-04-15
CUST-10762,Anti-Ageing,London,2026-06-04
CUST-10606,Hydration & Glow,South East,2026-02-24
CUST-10169,Acne & Blemish,North West,2025-04-13
CUST-10202,Anti-Ageing,Other UK,2025-05-01
CUST-10083,Acne & Blemish,North West,2025-02-21
CUST-10805,Acne & Blemish,South East ,2026-06-29
CUST-10159,Hydration & Glow,London,2025-04-08
CUST-10086,Sensitive Skin,North West,2025-02-23
CUST-10154,Acne & Blemish,North West,2025-04-06
CUST-10155,Acne & Blemish,South East,2025-04-07
CUST-10406,Hydration & Glow,Scotland,2025-09-16
CUST-10800,Anti-Ageing,South East,2026-06-25
CUST-10523,Acne & Blemish,North West,2025-12-10
CUST-10599,Anti-Ageing,South East,2026-02-16
CUST-10548,Acne & Blemish,South East,2025-12-30
CUST-10794,Acne & Blemish,South East,2026-06-23
CUST-10382,Acne & Blemish,Scotland,2025-08-29
CUST-10541,Hydration & Glow,London,2025-12-22
CUST-10304,Hydration & Glow,Scotland,2025-06-25
CUST-10118,Anti-Ageing,Scotland,2025-03-13
CUST-10620,Anti-Ageing,Scotland,2026-03-05
CUST-10509,Sensitive Skin,London,2025-12-01
CUST-10784,Anti-Ageing,London,2026-06-19
CUST-10354,Acne & Blemish,North West,2025-08-07
CUST-10030,Hydration & Glow,London,2025-01-19
CUST-10436,Anti-Ageing,Other UK,2025-10-10
CUST-10524,Hydration & Glow,London,2025-12-11
CUST-10143,Acne & Blemish,North West,2025-03-29
CUST-10712,Acne & Blemish,Other UK,2026-05-05
CUST-10286,Acne & Blemish,Other UK,2025-06-17
CUST-10068,Hydration & Glow,South East,2025-02-14
CUST-10484,Hydration & Glow,London,2025-11-22
CUST-10339,Anti-Ageing,Scotland,2025-07-22
CUST-10376,Hydration & Glow,Other UK,2025-08-24
CUST-10299,Sensitive Skin,South East,2025-06-22
CUST-10249,Acne & Blemish,Scotland,2025-05-24
CUST-10652,Acne & Blemish,Scotland,2026-03-26
CUST-10264,Hydration & Glow,North West,2025-05-31
CUST-10474,Acne & Blemish,Other UK,2025-11-12
CUST-10306,,South East,2025-06-28
CUST-10020,Sensitive Skin,South East,2025-01-11
CUST-10658,Hydration & Glow,Scotland,2026-03-29
CUST-10122,Anti-Ageing,Scotland,2025-03-16
CUST-10546,Anti-Ageing,Other UK,2025-12-29
CUST-10137,Sensitive Skin,Other UK,2025-03-25
CUST-10044,Acne & Blemish,Other UK,2025-02-01
CUST-10597,Acne & Blemish,Other UK,2026-02-14
CUST-10780,Anti-Ageing,North West,2026-06-13
CUST-10626,Anti-Ageing,South East,2026-03-11
CUST-10556,Sensitive Skin,Scotland,2026-01-05
CUST-10756,Acne & Blemish,London,2026-06-01
CUST-10668,Acne & Blemish,Scotland,2026-04-07
CUST-10723,Hydration & Glow,South East,2026-05-13
CUST-10703,Acne & Blemish,South East,2026-05-03
CUST-10699,Acne & Blemish,South East,2026-04-27
CUST-10227,Acne & Blemish,London,2025-05-14
CUST-10471,Hydration & Glow,London,2025-11-10
CUST-10292,Hydration & Glow,London,2025-06-19
CUST-10624,Acne & Blemish,Other UK,2026-03-10
CUST-10034,Sensitive Skin,South East,2025-01-24
CUST-10001,Sensitive Skin,Scotland,2025-01-01
CUST-10136,Sensitive Skin,Other UK,2025-03-24
CUST-10466,Acne & Blemish,London,2025-11-07
CUST-10359,Hydration & Glow,London,2025-08-10
CUST-10746,Acne & Blemish,South East,2026-05-27
CUST-10785,Anti-Ageing,South East,2026-06-19
CUST-10226,Acne & Blemish,South East,2025-05-13
CUST-10327,Hydration & Glow,London,2025-07-10
CUST-10514,Acne & Blemish,Other UK,2025-12-02
CUST-10191,Acne & Blemish,South East,2025-04-24
CUST-10691,Acne & Blemish,South East,2026-04-22
CUST-10244,Acne & Blemish,North West,2025-05-21
CUST-10267,Anti-Ageing,London,2025-06-04
CUST-10700,Acne & Blemish,Scotland,2026-04-28
CUST-10049,Anti-Ageing,London,2025-02-04
CUST-10205,Sensitive Skin,Scotland,2025-05-01
CUST-10103,Acne & Blemish,Scotland,2025-03-03
CUST-10067,Acne & Blemish,South East,2025-02-14
CUST-10023,Sensitive Skin,South East,2025-01-12
CUST-10775,Anti-Ageing,South East,2026-06-11
CUST-10464,Anti-Ageing,Scotland,2025-11-05
CUST-10511,Sensitive Skin,Other UK,2025-12-02
CUST-10333,Hydration & Glow,Scotland,2025-07-16
CUST-10351,Acne & Blemish,North West,2025-08-04
CUST-10254,Anti-Ageing,North West,2025-05-28
CUST-10468,,Other UK,2025-11-07
CUST-10657,Sensitive Skin,North West,2026-03-28
CUST-10470,Anti-Ageing,London,2025-11-09
CUST-10162,Sensitive Skin,Scotland,2025-04-09
CUST-10375,Sensitive Skin,London,2025-08-24
CUST-10600,Hydration & Glow,Scotland,2026-02-17
CUST-10065,Hydration & Glow,Other UK,2025-02-14
CUST-10421,Hydration & Glow,Other UK,2025-09-30
CUST-10670,Anti-Ageing,North West,2026-04-07
CUST-10204,Acne & Blemish,London,2025-05-01
CUST-10527,Hydration & Glow,London,2025-12-13
CUST-10625,Anti-Ageing,North West,2026-03-11
CUST-10719,Sensitive Skin,Other UK,2026-05-10
CUST-10749,Acne & Blemish,North West,2026-05-29
CUST-10739,Anti-Ageing,Other UK,2026-05-21
CUST-10225,Acne & Blemish,South East,2025-05-13
CUST-10210,Acne & Blemish,North West,2025-05-03
CUST-10689,Acne & Blemish,South East,2026-04-21
CUST-10745,Acne & Blemish,North West,2026-05-26
CUST-10498,Hydration & Glow,London,2025-11-28
CUST-10307,Acne & Blemish,North West,2025-06-28
CUST-10683,Acne & Blemish,South East ,2026-04-17
CUST-10170,Hydration & Glow,South East,2025-04-13
CUST-10660,Acne & Blemish,Scotland,2026-03-30
CUST-10367,Hydration & Glow,London,2025-08-18
CUST-10574,Acne & Blemish,North West,2026-01-28
CUST-10355,Anti-Ageing,South East,2025-08-08
CUST-10757,Acne & Blemish,South East ,2026-06-01
CUST-10414,Hydration & Glow,South East,2025-09-24
CUST-10231,Hydration & Glow,North West,2025-05-15
CUST-10047,Anti-Ageing,South East,2025-02-03
CUST-10501,Hydration & Glow,London,2025-11-29
CUST-10241,Hydration & Glow,North West,2025-05-19
CUST-10400,Hydration & Glow,South East,2025-09-13
CUST-10627,Hydration & Glow,London,2026-03-11
CUST-10248,Sensitive Skin,North West,2025-05-23
CUST-10456,Anti-Ageing,South East,2025-10-29
CUST-10206,Hydration & Glow,London,2025-05-01
CUST-10372,Anti-Ageing,North West,2025-08-22
CUST-10109,Acne & Blemish,London,2025-03-08
CUST-10220,Anti-Ageing,London,2025-05-09
CUST-10291,Anti-Ageing,London,2025-06-19
CUST-10002,Acne & Blemish,South East,2025-01-02
CUST-10329,Hydration & Glow,London,2025-07-12
CUST-10508,Hydration & Glow,North West,2025-12-01
CUST-10748,Anti-Ageing,Scotland,2026-05-28
CUST-10553,Hydration & Glow,London,2026-01-04
CUST-10404,Hydration & Glow,London,2025-09-15
CUST-10537,Sensitive Skin,London,2025-12-17
CUST-10262,,South East,2025-05-31
CUST-10389,Hydration & Glow,North West,2025-09-06
CUST-10145,Sensitive Skin,Scotland,2025-03-29
CUST-10441,Anti-Ageing,London,2025-10-15
CUST-10641,Acne & Blemish,South East,2026-03-20
CUST-10187,Hydration & Glow,Other UK,2025-04-23
CUST-10053,,London,2025-02-07
CUST-10356,Hydration & Glow,Scotland,2025-08-08
CUST-10246,Hydration & Glow,South East,2025-05-22
CUST-10795,Anti-Ageing,Scotland,2026-06-24
CUST-10435,Sensitive Skin,North West,2025-10-10
CUST-10576,Hydration & Glow,London,2026-01-29
CUST-10183,Anti-Ageing,North West,2025-04-21
CUST-10493,Sensitive Skin,London,2025-11-25
CUST-10788,Hydration & Glow,South East,2026-06-21
CUST-10718,Sensitive Skin,South East,2026-05-09
CUST-10789,Anti-Ageing,Other UK,2026-06-21
CUST-10059,Acne & Blemish,London,2025-02-10
CUST-10444,Acne & Blemish,London,2025-10-17
CUST-10654,Sensitive Skin,South East,2026-03-26
CUST-10361,Hydration & Glow,South East,2025-08-14
CUST-10050,Anti-Ageing,North West,2025-02-04
CUST-10313,Sensitive Skin,Other UK,2025-07-03
CUST-10721,Acne & Blemish,Scotland,2026-05-12
CUST-10138,Anti-Ageing,London,2025-03-26
CUST-10632,Acne & Blemish,North West,2026-03-14
CUST-10487,Anti-Ageing,Other UK,2025-11-23
CUST-10276,,London,2025-06-10
CUST-10396,Sensitive Skin,North West,2025-09-11
CUST-10740,Acne & Blemish,Other UK,2026-05-22
CUST-10130,Anti-Ageing,London,2025-03-21
CUST-10697,Acne & Blemish,London,2026-04-26
CUST-10215,Acne & Blemish,South East,2025-05-06
CUST-10275,Anti-Ageing,London,2025-06-09
CUST-10013,Acne & Blemish,North West,2025-01-06
CUST-10633,Acne & Blemish,Other UK,2026-03-16
CUST-10235,Acne & Blemish,London,2025-05-17
CUST-10478,Acne & Blemish,South East,2025-11-14
CUST-10473,Acne & Blemish,South East,2025-11-11
CUST-10188,Anti-Ageing,South East,2025-04-23
CUST-10239,Anti-Ageing,Other UK,2025-05-19
CUST-10734,Acne & Blemish,South East,2026-05-17
CUST-10418,Sensitive Skin,Other UK,2025-09-28
CUST-10348,Hydration & Glow,Scotland,2025-08-03
CUST-10630,Hydration & Glow,South East,2026-03-13
CUST-10761,Acne & Blemish,London,2026-06-03
CUST-10242,Anti-Ageing,Scotland,2025-05-20
CUST-10763,Acne & Blemish,London,2026-06-05
CUST-10297,Anti-Ageing,London,2025-06-21
CUST-10572,Anti-Ageing,North West,2026-01-25
CUST-10437,Hydration & Glow,South East,2025-10-10
CUST-10535,Sensitive Skin,South East,2025-12-15
CUST-10578,Acne & Blemish,Scotland,2026-01-31
CUST-10126,Acne & Blemish,North West,2025-03-18
CUST-10764,Acne & Blemish,South East,2026-06-05
CUST-10057,Acne & Blemish,London ,2025-02-09
CUST-10502,Sensitive Skin,London,2025-11-29
CUST-10639,Acne & Blemish,North West,2026-03-19
CUST-10349,Hydration & Glow,London,2025-08-03
CUST-10383,Sensitive Skin,London,2025-08-29
